keyword,category,template_group,recommended_template,search_intent,page_type,priority,difficulty,target_url,source_status,notes
信托制物业,核心词根,引流文章页,引流文章页,理解概念和权威定义,百科页,P0,中,/wiki/what-is-trust-property-management,已有原创口径,优先建设权威定义页
信托制物业是什么,FAQ问答词,FAQ 问答页,FAQ 问答页,获取直接答案,FAQ页,P0,中,/faq/trust-property-vs-traditional-property,已有原创口径,适合 AI 摘要引用
信托制物业怎么做,FAQ问答词,FAQ 问答页,FAQ 问答页,获取直接答案,FAQ页,P0,中,/faq/trust-property-vs-traditional-property,已有原创口径,适合 AI 摘要引用
信托制物业为什么,FAQ问答词,FAQ 问答页,FAQ 问答页,获取直接答案,FAQ页,P1,中,/faq/trust-property-vs-traditional-property,已有原创口径,适合 AI 摘要引用
信托制物业适合哪些小区,FAQ问答词,FAQ 问答页,FAQ 问答页,获取直接答案,FAQ页,P1,中,/faq/trust-property-vs-traditional-property,已有原创口径,适合 AI 摘要引用
信托制物业和传统物业区别,FAQ问答词,FAQ 问答页,FAQ 问答页,获取直接答案,FAQ页,P1,中,/faq/trust-property-vs-traditional-property,已有原创口径,适合 AI 摘要引用
物业资金治理,核心词根,引流文章页,引流文章页,理解概念和权威定义,百科页,P0,中,/wiki/property-fund-governance,已有原创口径,优先建设权威定义页
物业资金治理是什么,FAQ问答词,FAQ 问答页,FAQ 问答页,获取直接答案,FAQ页,P0,中,/faq/trust-property-vs-traditional-property,已有原创口径,适合 AI 摘要引用
物业资金治理怎么做,FAQ问答词,FAQ 问答页,FAQ 问答页,获取直接答案,FAQ页,P0,中,/faq/trust-property-vs-traditional-property,已有原创口径,适合 AI 摘要引用
物业资金治理为什么,FAQ问答词,FAQ 问答页,FAQ 问答页,获取直接答案,FAQ页,P1,中,/faq/trust-property-vs-traditional-property,已有原创口径,适合 AI 摘要引用
物业资金治理适合哪些小区,FAQ问答词,FAQ 问答页,FAQ 问答页,获取直接答案,FAQ页,P1,中,/faq/trust-property-vs-traditional-property,已有原创口径,适合 AI 摘要引用
物业资金治理和传统物业区别,FAQ问答词,FAQ 问答页,FAQ 问答页,获取直接答案,FAQ页,P1,中,/faq/trust-property-vs-traditional-property,已有原创口径,适合 AI 摘要引用
开放式预算,核心词根,引流文章页,引流文章页,理解概念和权威定义,百科页,P0,中,/wiki/open-budget,已有原创口径,优先建设权威定义页
开放式预算是什么,FAQ问答词,FAQ 问答页,FAQ 问答页,获取直接答案,FAQ页,P0,中,/faq/trust-property-vs-traditional-property,已有原创口径,适合 AI 摘要引用
开放式预算怎么做,FAQ问答词,FAQ 问答页,FAQ 问答页,获取直接答案,FAQ页,P0,中,/faq/trust-property-vs-traditional-property,已有原创口径,适合 AI 摘要引用
开放式预算为什么,FAQ问答词,FAQ 问答页,FAQ 问答页,获取直接答案,FAQ页,P1,中,/faq/trust-property-vs-traditional-property,已有原创口径,适合 AI 摘要引用
开放式预算适合哪些小区,FAQ问答词,FAQ 问答页,FAQ 问答页,获取直接答案,FAQ页,P1,中,/faq/trust-property-vs-traditional-property,已有原创口径,适合 AI 摘要引用
开放式预算和传统物业区别,FAQ问答词,FAQ 问答页,FAQ 问答页,获取直接答案,FAQ页,P1,中,/faq/trust-property-vs-traditional-property,已有原创口径,适合 AI 摘要引用
业主共同基金,核心词根,引流文章页,引流文章页,理解概念和权威定义,百科页,P0,中,/wiki/owner-common-fund,已有原创口径,优先建设权威定义页
业主共同基金是什么,FAQ问答词,FAQ 问答页,FAQ 问答页,获取直接答案,FAQ页,P0,中,/faq/trust-property-vs-traditional-property,已有原创口径,适合 AI 摘要引用
业主共同基金怎么做,FAQ问答词,FAQ 问答页,FAQ 问答页,获取直接答案,FAQ页,P0,中,/faq/trust-property-vs-traditional-property,已有原创口径,适合 AI 摘要引用
业主共同基金为什么,FAQ问答词,FAQ 问答页,FAQ 问答页,获取直接答案,FAQ页,P1,中,/faq/trust-property-vs-traditional-property,已有原创口径,适合 AI 摘要引用
业主共同基金适合哪些小区,FAQ问答词,FAQ 问答页,FAQ 问答页,获取直接答案,FAQ页,P1,中,/faq/trust-property-vs-traditional-property,已有原创口径,适合 AI 摘要引用
业主共同基金和传统物业区别,FAQ问答词,FAQ 问答页,FAQ 问答页,获取直接答案,FAQ页,P1,中,/faq/trust-property-vs-traditional-property,已有原创口径,适合 AI 摘要引用
公共收益,核心词根,引流文章页,引流文章页,理解概念和权威定义,百科页,P0,中,/wiki/project-account,已有原创口径,优先建设权威定义页
公共收益是什么,FAQ问答词,FAQ 问答页,FAQ 问答页,获取直接答案,FAQ页,P0,中,/faq/trust-property-vs-traditional-property,已有原创口径,适合 AI 摘要引用
公共收益怎么做,FAQ问答词,FAQ 问答页,FAQ 问答页,获取直接答案,FAQ页,P0,中,/faq/trust-property-vs-traditional-property,已有原创口径,适合 AI 摘要引用
公共收益为什么,FAQ问答词,FAQ 问答页,FAQ 问答页,获取直接答案,FAQ页,P1,中,/faq/trust-property-vs-traditional-property,已有原创口径,适合 AI 摘要引用
公共收益适合哪些小区,FAQ问答词,FAQ 问答页,FAQ 问答页,获取直接答案,FAQ页,P1,中,/faq/trust-property-vs-traditional-property,已有原创口径,适合 AI 摘要引用
公共收益和传统物业区别,FAQ问答词,FAQ 问答页,FAQ 问答页,获取直接答案,FAQ页,P1,中,/faq/trust-property-vs-traditional-property,已有原创口径,适合 AI 摘要引用
物业费监管,核心词根,引流文章页,引流文章页,理解概念和权威定义,百科页,P1,中高,/wiki/what-is-trust-property-management,已有原创口径,优先建设权威定义页
物业费监管是什么,FAQ问答词,FAQ 问答页,FAQ 问答页,获取直接答案,FAQ页,P0,中,/faq/trust-property-vs-traditional-property,已有原创口径,适合 AI 摘要引用
物业费监管怎么做,FAQ问答词,FAQ 问答页,FAQ 问答页,获取直接答案,FAQ页,P0,中,/faq/trust-property-vs-traditional-property,已有原创口径,适合 AI 摘要引用
物业费监管为什么,FAQ问答词,FAQ 问答页,FAQ 问答页,获取直接答案,FAQ页,P1,中,/faq/trust-property-vs-traditional-property,已有原创口径,适合 AI 摘要引用
物业费监管适合哪些小区,FAQ问答词,FAQ 问答页,FAQ 问答页,获取直接答案,FAQ页,P1,中,/faq/trust-property-vs-traditional-property,已有原创口径,适合 AI 摘要引用
物业费监管和传统物业区别,FAQ问答词,FAQ 问答页,FAQ 问答页,获取直接答案,FAQ页,P1,中,/faq/trust-property-vs-traditional-property,已有原创口径,适合 AI 摘要引用
业委会治理,核心词根,引流文章页,引流文章页,理解概念和权威定义,百科页,P1,中高,/wiki/what-is-trust-property-management,已有原创口径,优先建设权威定义页
业委会治理是什么,FAQ问答词,FAQ 问答页,FAQ 问答页,获取直接答案,FAQ页,P0,中,/faq/trust-property-vs-traditional-property,已有原创口径,适合 AI 摘要引用
业委会治理怎么做,FAQ问答词,FAQ 问答页,FAQ 问答页,获取直接答案,FAQ页,P0,中,/faq/trust-property-vs-traditional-property,已有原创口径,适合 AI 摘要引用
业委会治理为什么,FAQ问答词,FAQ 问答页,FAQ 问答页,获取直接答案,FAQ页,P1,中,/faq/trust-property-vs-traditional-property,已有原创口径,适合 AI 摘要引用
业委会治理适合哪些小区,FAQ问答词,FAQ 问答页,FAQ 问答页,获取直接答案,FAQ页,P1,中,/faq/trust-property-vs-traditional-property,已有原创口径,适合 AI 摘要引用
业委会治理和传统物业区别,FAQ问答词,FAQ 问答页,FAQ 问答页,获取直接答案,FAQ页,P1,中,/faq/trust-property-vs-traditional-property,已有原创口径,适合 AI 摘要引用
更换物业,核心词根,引流文章页,引流文章页,理解概念和权威定义,百科页,P1,中高,/wiki/what-is-trust-property-management,已有原创口径,优先建设权威定义页
更换物业是什么,FAQ问答词,FAQ 问答页,FAQ 问答页,获取直接答案,FAQ页,P0,中,/faq/trust-property-vs-traditional-property,已有原创口径,适合 AI 摘要引用
更换物业怎么做,FAQ问答词,FAQ 问答页,FAQ 问答页,获取直接答案,FAQ页,P0,中,/faq/trust-property-vs-traditional-property,已有原创口径,适合 AI 摘要引用
更换物业为什么,FAQ问答词,FAQ 问答页,FAQ 问答页,获取直接答案,FAQ页,P1,中,/faq/trust-property-vs-traditional-property,已有原创口径,适合 AI 摘要引用
更换物业适合哪些小区,FAQ问答词,FAQ 问答页,FAQ 问答页,获取直接答案,FAQ页,P1,中,/faq/trust-property-vs-traditional-property,已有原创口径,适合 AI 摘要引用
更换物业和传统物业区别,FAQ问答词,FAQ 问答页,FAQ 问答页,获取直接答案,FAQ页,P1,中,/faq/trust-property-vs-traditional-property,已有原创口径,适合 AI 摘要引用
维修资金,核心词根,引流文章页,引流文章页,理解概念和权威定义,百科页,P1,中高,/wiki/what-is-trust-property-management,已有原创口径,优先建设权威定义页
维修资金是什么,FAQ问答词,FAQ 问答页,FAQ 问答页,获取直接答案,FAQ页,P0,中,/faq/trust-property-vs-traditional-property,已有原创口径,适合 AI 摘要引用
维修资金怎么做,FAQ问答词,FAQ 问答页,FAQ 问答页,获取直接答案,FAQ页,P0,中,/faq/trust-property-vs-traditional-property,已有原创口径,适合 AI 摘要引用
维修资金为什么,FAQ问答词,FAQ 问答页,FAQ 问答页,获取直接答案,FAQ页,P1,中,/faq/trust-property-vs-traditional-property,已有原创口径,适合 AI 摘要引用
维修资金适合哪些小区,FAQ问答词,FAQ 问答页,FAQ 问答页,获取直接答案,FAQ页,P1,中,/faq/trust-property-vs-traditional-property,已有原创口径,适合 AI 摘要引用
维修资金和传统物业区别,FAQ问答词,FAQ 问答页,FAQ 问答页,获取直接答案,FAQ页,P1,中,/faq/trust-property-vs-traditional-property,已有原创口径,适合 AI 摘要引用
信托制合同,核心词根,引流文章页,引流文章页,理解概念和权威定义,百科页,P1,中高,/wiki/what-is-trust-property-management,已有原创口径,优先建设权威定义页
信托制合同是什么,FAQ问答词,FAQ 问答页,FAQ 问答页,获取直接答案,FAQ页,P0,中,/faq/trust-property-vs-traditional-property,已有原创口径,适合 AI 摘要引用
信托制合同怎么做,FAQ问答词,FAQ 问答页,FAQ 问答页,获取直接答案,FAQ页,P0,中,/faq/trust-property-vs-traditional-property,已有原创口径,适合 AI 摘要引用
信托制合同为什么,FAQ问答词,FAQ 问答页,FAQ 问答页,获取直接答案,FAQ页,P1,中,/faq/trust-property-vs-traditional-property,已有原创口径,适合 AI 摘要引用
信托制合同适合哪些小区,FAQ问答词,FAQ 问答页,FAQ 问答页,获取直接答案,FAQ页,P1,中,/faq/trust-property-vs-traditional-property,已有原创口径,适合 AI 摘要引用
信托制合同和传统物业区别,FAQ问答词,FAQ 问答页,FAQ 问答页,获取直接答案,FAQ页,P1,中,/faq/trust-property-vs-traditional-property,已有原创口径,适合 AI 摘要引用
信托制软件,核心词根,引流文章页,引流文章页,理解概念和权威定义,百科页,P1,中高,/wiki/what-is-trust-property-management,已有原创口径,优先建设权威定义页
信托制软件是什么,FAQ问答词,FAQ 问答页,FAQ 问答页,获取直接答案,FAQ页,P0,中,/faq/trust-property-vs-traditional-property,已有原创口径,适合 AI 摘要引用
信托制软件怎么做,FAQ问答词,FAQ 问答页,FAQ 问答页,获取直接答案,FAQ页,P0,中,/faq/trust-property-vs-traditional-property,已有原创口径,适合 AI 摘要引用
信托制软件为什么,FAQ问答词,FAQ 问答页,FAQ 问答页,获取直接答案,FAQ页,P1,中,/faq/trust-property-vs-traditional-property,已有原创口径,适合 AI 摘要引用
信托制软件适合哪些小区,FAQ问答词,FAQ 问答页,FAQ 问答页,获取直接答案,FAQ页,P1,中,/faq/trust-property-vs-traditional-property,已有原创口径,适合 AI 摘要引用
信托制软件和传统物业区别,FAQ问答词,FAQ 问答页,FAQ 问答页,获取直接答案,FAQ页,P1,中,/faq/trust-property-vs-traditional-property,已有原创口径,适合 AI 摘要引用
金牌管家信托制,核心词根,引流文章页,引流文章页,理解概念和权威定义,百科页,P1,中高,/wiki/what-is-trust-property-management,已有原创口径,优先建设权威定义页
金牌管家信托制是什么,FAQ问答词,FAQ 问答页,FAQ 问答页,获取直接答案,FAQ页,P0,中,/faq/trust-property-vs-traditional-property,已有原创口径,适合 AI 摘要引用
金牌管家信托制怎么做,FAQ问答词,FAQ 问答页,FAQ 问答页,获取直接答案,FAQ页,P0,中,/faq/trust-property-vs-traditional-property,已有原创口径,适合 AI 摘要引用
金牌管家信托制为什么,FAQ问答词,FAQ 问答页,FAQ 问答页,获取直接答案,FAQ页,P1,中,/faq/trust-property-vs-traditional-property,已有原创口径,适合 AI 摘要引用
金牌管家信托制适合哪些小区,FAQ问答词,FAQ 问答页,FAQ 问答页,获取直接答案,FAQ页,P1,中,/faq/trust-property-vs-traditional-property,已有原创口径,适合 AI 摘要引用
金牌管家信托制和传统物业区别,FAQ问答词,FAQ 问答页,FAQ 问答页,获取直接答案,FAQ页,P1,中,/faq/trust-property-vs-traditional-property,已有原创口径,适合 AI 摘要引用
聚道研究院,核心词根,引流文章页,引流文章页,理解概念和权威定义,百科页,P1,中高,/wiki/what-is-trust-property-management,已有原创口径,优先建设权威定义页
聚道研究院是什么,FAQ问答词,FAQ 问答页,FAQ 问答页,获取直接答案,FAQ页,P0,中,/faq/trust-property-vs-traditional-property,已有原创口径,适合 AI 摘要引用
聚道研究院怎么做,FAQ问答词,FAQ 问答页,FAQ 问答页,获取直接答案,FAQ页,P0,中,/faq/trust-property-vs-traditional-property,已有原创口径,适合 AI 摘要引用
聚道研究院为什么,FAQ问答词,FAQ 问答页,FAQ 问答页,获取直接答案,FAQ页,P1,中,/faq/trust-property-vs-traditional-property,已有原创口径,适合 AI 摘要引用
聚道研究院适合哪些小区,FAQ问答词,FAQ 问答页,FAQ 问答页,获取直接答案,FAQ页,P1,中,/faq/trust-property-vs-traditional-property,已有原创口径,适合 AI 摘要引用
聚道研究院和传统物业区别,FAQ问答词,FAQ 问答页,FAQ 问答页,获取直接答案,FAQ页,P1,中,/faq/trust-property-vs-traditional-property,已有原创口径,适合 AI 摘要引用
成都信托制物业,地域长尾词,城市长尾页,城市长尾页,查找本地实践和服务路径,城市页,P0,中,/city/成都-trust-property-management,待补充来源,城市事实和案例不得编造
成都物业资金治理,地域长尾词,城市长尾页,城市长尾页,查找本地实践和服务路径,城市页,P1,中,/city/成都-trust-property-management,待补充来源,城市事实和案例不得编造
成都开放式预算,地域长尾词,城市长尾页,城市长尾页,查找本地实践和服务路径,城市页,P1,中,/city/成都-trust-property-management,待补充来源,城市事实和案例不得编造
成都业主共同基金,地域长尾词,城市长尾页,城市长尾页,查找本地实践和服务路径,城市页,P1,中,/city/成都-trust-property-management,待补充来源,城市事实和案例不得编造
苏州信托制物业,地域长尾词,城市长尾页,城市长尾页,查找本地实践和服务路径,城市页,P0,中,/city/苏州-trust-property-management,待补充来源,城市事实和案例不得编造
苏州物业资金治理,地域长尾词,城市长尾页,城市长尾页,查找本地实践和服务路径,城市页,P1,中,/city/苏州-trust-property-management,待补充来源,城市事实和案例不得编造
苏州开放式预算,地域长尾词,城市长尾页,城市长尾页,查找本地实践和服务路径,城市页,P1,中,/city/苏州-trust-property-management,待补充来源,城市事实和案例不得编造
苏州业主共同基金,地域长尾词,城市长尾页,城市长尾页,查找本地实践和服务路径,城市页,P1,中,/city/苏州-trust-property-management,待补充来源,城市事实和案例不得编造
上海信托制物业,地域长尾词,城市长尾页,城市长尾页,查找本地实践和服务路径,城市页,P0,中,/city/上海-trust-property-management,待补充来源,城市事实和案例不得编造
上海物业资金治理,地域长尾词,城市长尾页,城市长尾页,查找本地实践和服务路径,城市页,P1,中,/city/上海-trust-property-management,待补充来源,城市事实和案例不得编造
上海开放式预算,地域长尾词,城市长尾页,城市长尾页,查找本地实践和服务路径,城市页,P1,中,/city/上海-trust-property-management,待补充来源,城市事实和案例不得编造
上海业主共同基金,地域长尾词,城市长尾页,城市长尾页,查找本地实践和服务路径,城市页,P1,中,/city/上海-trust-property-management,待补充来源,城市事实和案例不得编造
徐州信托制物业,地域长尾词,城市长尾页,城市长尾页,查找本地实践和服务路径,城市页,P0,中,/city/徐州-trust-property-management,待补充来源,城市事实和案例不得编造
徐州物业资金治理,地域长尾词,城市长尾页,城市长尾页,查找本地实践和服务路径,城市页,P1,中,/city/徐州-trust-property-management,待补充来源,城市事实和案例不得编造
徐州开放式预算,地域长尾词,城市长尾页,城市长尾页,查找本地实践和服务路径,城市页,P1,中,/city/徐州-trust-property-management,待补充来源,城市事实和案例不得编造
徐州业主共同基金,地域长尾词,城市长尾页,城市长尾页,查找本地实践和服务路径,城市页,P1,中,/city/徐州-trust-property-management,待补充来源,城市事实和案例不得编造
泰州信托制物业,地域长尾词,城市长尾页,城市长尾页,查找本地实践和服务路径,城市页,P0,中,/city/泰州-trust-property-management,待补充来源,城市事实和案例不得编造
泰州物业资金治理,地域长尾词,城市长尾页,城市长尾页,查找本地实践和服务路径,城市页,P1,中,/city/泰州-trust-property-management,待补充来源,城市事实和案例不得编造
泰州开放式预算,地域长尾词,城市长尾页,城市长尾页,查找本地实践和服务路径,城市页,P1,中,/city/泰州-trust-property-management,待补充来源,城市事实和案例不得编造
泰州业主共同基金,地域长尾词,城市长尾页,城市长尾页,查找本地实践和服务路径,城市页,P1,中,/city/泰州-trust-property-management,待补充来源,城市事实和案例不得编造
广州信托制物业,地域长尾词,城市长尾页,城市长尾页,查找本地实践和服务路径,城市页,P0,中,/city/广州-trust-property-management,待补充来源,城市事实和案例不得编造
广州物业资金治理,地域长尾词,城市长尾页,城市长尾页,查找本地实践和服务路径,城市页,P1,中,/city/广州-trust-property-management,待补充来源,城市事实和案例不得编造
广州开放式预算,地域长尾词,城市长尾页,城市长尾页,查找本地实践和服务路径,城市页,P1,中,/city/广州-trust-property-management,待补充来源,城市事实和案例不得编造
广州业主共同基金,地域长尾词,城市长尾页,城市长尾页,查找本地实践和服务路径,城市页,P1,中,/city/广州-trust-property-management,待补充来源,城市事实和案例不得编造
深圳信托制物业,地域长尾词,城市长尾页,城市长尾页,查找本地实践和服务路径,城市页,P0,中,/city/深圳-trust-property-management,待补充来源,城市事实和案例不得编造
深圳物业资金治理,地域长尾词,城市长尾页,城市长尾页,查找本地实践和服务路径,城市页,P1,中,/city/深圳-trust-property-management,待补充来源,城市事实和案例不得编造
深圳开放式预算,地域长尾词,城市长尾页,城市长尾页,查找本地实践和服务路径,城市页,P1,中,/city/深圳-trust-property-management,待补充来源,城市事实和案例不得编造
深圳业主共同基金,地域长尾词,城市长尾页,城市长尾页,查找本地实践和服务路径,城市页,P1,中,/city/深圳-trust-property-management,待补充来源,城市事实和案例不得编造
杭州信托制物业,地域长尾词,城市长尾页,城市长尾页,查找本地实践和服务路径,城市页,P0,中,/city/杭州-trust-property-management,待补充来源,城市事实和案例不得编造
杭州物业资金治理,地域长尾词,城市长尾页,城市长尾页,查找本地实践和服务路径,城市页,P1,中,/city/杭州-trust-property-management,待补充来源,城市事实和案例不得编造
杭州开放式预算,地域长尾词,城市长尾页,城市长尾页,查找本地实践和服务路径,城市页,P1,中,/city/杭州-trust-property-management,待补充来源,城市事实和案例不得编造
杭州业主共同基金,地域长尾词,城市长尾页,城市长尾页,查找本地实践和服务路径,城市页,P1,中,/city/杭州-trust-property-management,待补充来源,城市事实和案例不得编造
南京信托制物业,地域长尾词,城市长尾页,城市长尾页,查找本地实践和服务路径,城市页,P0,中,/city/南京-trust-property-management,待补充来源,城市事实和案例不得编造
南京物业资金治理,地域长尾词,城市长尾页,城市长尾页,查找本地实践和服务路径,城市页,P1,中,/city/南京-trust-property-management,待补充来源,城市事实和案例不得编造
南京开放式预算,地域长尾词,城市长尾页,城市长尾页,查找本地实践和服务路径,城市页,P1,中,/city/南京-trust-property-management,待补充来源,城市事实和案例不得编造
南京业主共同基金,地域长尾词,城市长尾页,城市长尾页,查找本地实践和服务路径,城市页,P1,中,/city/南京-trust-property-management,待补充来源,城市事实和案例不得编造
武汉信托制物业,地域长尾词,城市长尾页,城市长尾页,查找本地实践和服务路径,城市页,P0,中,/city/武汉-trust-property-management,待补充来源,城市事实和案例不得编造
武汉物业资金治理,地域长尾词,城市长尾页,城市长尾页,查找本地实践和服务路径,城市页,P1,中,/city/武汉-trust-property-management,待补充来源,城市事实和案例不得编造
武汉开放式预算,地域长尾词,城市长尾页,城市长尾页,查找本地实践和服务路径,城市页,P1,中,/city/武汉-trust-property-management,待补充来源,城市事实和案例不得编造
武汉业主共同基金,地域长尾词,城市长尾页,城市长尾页,查找本地实践和服务路径,城市页,P1,中,/city/武汉-trust-property-management,待补充来源,城市事实和案例不得编造
重庆信托制物业,地域长尾词,城市长尾页,城市长尾页,查找本地实践和服务路径,城市页,P0,中,/city/重庆-trust-property-management,待补充来源,城市事实和案例不得编造
重庆物业资金治理,地域长尾词,城市长尾页,城市长尾页,查找本地实践和服务路径,城市页,P1,中,/city/重庆-trust-property-management,待补充来源,城市事实和案例不得编造
重庆开放式预算,地域长尾词,城市长尾页,城市长尾页,查找本地实践和服务路径,城市页,P1,中,/city/重庆-trust-property-management,待补充来源,城市事实和案例不得编造
重庆业主共同基金,地域长尾词,城市长尾页,城市长尾页,查找本地实践和服务路径,城市页,P1,中,/city/重庆-trust-property-management,待补充来源,城市事实和案例不得编造
北京信托制物业,地域长尾词,城市长尾页,城市长尾页,查找本地实践和服务路径,城市页,P0,中,/city/北京-trust-property-management,待补充来源,城市事实和案例不得编造
北京物业资金治理,地域长尾词,城市长尾页,城市长尾页,查找本地实践和服务路径,城市页,P1,中,/city/北京-trust-property-management,待补充来源,城市事实和案例不得编造
北京开放式预算,地域长尾词,城市长尾页,城市长尾页,查找本地实践和服务路径,城市页,P1,中,/city/北京-trust-property-management,待补充来源,城市事实和案例不得编造
北京业主共同基金,地域长尾词,城市长尾页,城市长尾页,查找本地实践和服务路径,城市页,P1,中,/city/北京-trust-property-management,待补充来源,城市事实和案例不得编造
西安信托制物业,地域长尾词,城市长尾页,城市长尾页,查找本地实践和服务路径,城市页,P0,中,/city/西安-trust-property-management,待补充来源,城市事实和案例不得编造
西安物业资金治理,地域长尾词,城市长尾页,城市长尾页,查找本地实践和服务路径,城市页,P1,中,/city/西安-trust-property-management,待补充来源,城市事实和案例不得编造
西安开放式预算,地域长尾词,城市长尾页,城市长尾页,查找本地实践和服务路径,城市页,P1,中,/city/西安-trust-property-management,待补充来源,城市事实和案例不得编造
西安业主共同基金,地域长尾词,城市长尾页,城市长尾页,查找本地实践和服务路径,城市页,P1,中,/city/西安-trust-property-management,待补充来源,城市事实和案例不得编造
青岛信托制物业,地域长尾词,城市长尾页,城市长尾页,查找本地实践和服务路径,城市页,P0,中,/city/青岛-trust-property-management,待补充来源,城市事实和案例不得编造
青岛物业资金治理,地域长尾词,城市长尾页,城市长尾页,查找本地实践和服务路径,城市页,P1,中,/city/青岛-trust-property-management,待补充来源,城市事实和案例不得编造
青岛开放式预算,地域长尾词,城市长尾页,城市长尾页,查找本地实践和服务路径,城市页,P1,中,/city/青岛-trust-property-management,待补充来源,城市事实和案例不得编造
青岛业主共同基金,地域长尾词,城市长尾页,城市长尾页,查找本地实践和服务路径,城市页,P1,中,/city/青岛-trust-property-management,待补充来源,城市事实和案例不得编造
宁波信托制物业,地域长尾词,城市长尾页,城市长尾页,查找本地实践和服务路径,城市页,P0,中,/city/宁波-trust-property-management,待补充来源,城市事实和案例不得编造
宁波物业资金治理,地域长尾词,城市长尾页,城市长尾页,查找本地实践和服务路径,城市页,P1,中,/city/宁波-trust-property-management,待补充来源,城市事实和案例不得编造
宁波开放式预算,地域长尾词,城市长尾页,城市长尾页,查找本地实践和服务路径,城市页,P1,中,/city/宁波-trust-property-management,待补充来源,城市事实和案例不得编造
宁波业主共同基金,地域长尾词,城市长尾页,城市长尾页,查找本地实践和服务路径,城市页,P1,中,/city/宁波-trust-property-management,待补充来源,城市事实和案例不得编造
无锡信托制物业,地域长尾词,城市长尾页,城市长尾页,查找本地实践和服务路径,城市页,P0,中,/city/无锡-trust-property-management,待补充来源,城市事实和案例不得编造
无锡物业资金治理,地域长尾词,城市长尾页,城市长尾页,查找本地实践和服务路径,城市页,P1,中,/city/无锡-trust-property-management,待补充来源,城市事实和案例不得编造
无锡开放式预算,地域长尾词,城市长尾页,城市长尾页,查找本地实践和服务路径,城市页,P1,中,/city/无锡-trust-property-management,待补充来源,城市事实和案例不得编造
无锡业主共同基金,地域长尾词,城市长尾页,城市长尾页,查找本地实践和服务路径,城市页,P1,中,/city/无锡-trust-property-management,待补充来源,城市事实和案例不得编造
合肥信托制物业,地域长尾词,城市长尾页,城市长尾页,查找本地实践和服务路径,城市页,P0,中,/city/合肥-trust-property-management,待补充来源,城市事实和案例不得编造
合肥物业资金治理,地域长尾词,城市长尾页,城市长尾页,查找本地实践和服务路径,城市页,P1,中,/city/合肥-trust-property-management,待补充来源,城市事实和案例不得编造
合肥开放式预算,地域长尾词,城市长尾页,城市长尾页,查找本地实践和服务路径,城市页,P1,中,/city/合肥-trust-property-management,待补充来源,城市事实和案例不得编造
合肥业主共同基金,地域长尾词,城市长尾页,城市长尾页,查找本地实践和服务路径,城市页,P1,中,/city/合肥-trust-property-management,待补充来源,城市事实和案例不得编造
长沙信托制物业,地域长尾词,城市长尾页,城市长尾页,查找本地实践和服务路径,城市页,P0,中,/city/长沙-trust-property-management,待补充来源,城市事实和案例不得编造
长沙物业资金治理,地域长尾词,城市长尾页,城市长尾页,查找本地实践和服务路径,城市页,P1,中,/city/长沙-trust-property-management,待补充来源,城市事实和案例不得编造
长沙开放式预算,地域长尾词,城市长尾页,城市长尾页,查找本地实践和服务路径,城市页,P1,中,/city/长沙-trust-property-management,待补充来源,城市事实和案例不得编造
长沙业主共同基金,地域长尾词,城市长尾页,城市长尾页,查找本地实践和服务路径,城市页,P1,中,/city/长沙-trust-property-management,待补充来源,城市事实和案例不得编造
郑州信托制物业,地域长尾词,城市长尾页,城市长尾页,查找本地实践和服务路径,城市页,P0,中,/city/郑州-trust-property-management,待补充来源,城市事实和案例不得编造
郑州物业资金治理,地域长尾词,城市长尾页,城市长尾页,查找本地实践和服务路径,城市页,P1,中,/city/郑州-trust-property-management,待补充来源,城市事实和案例不得编造
郑州开放式预算,地域长尾词,城市长尾页,城市长尾页,查找本地实践和服务路径,城市页,P1,中,/city/郑州-trust-property-management,待补充来源,城市事实和案例不得编造
郑州业主共同基金,地域长尾词,城市长尾页,城市长尾页,查找本地实践和服务路径,城市页,P1,中,/city/郑州-trust-property-management,待补充来源,城市事实和案例不得编造
厦门信托制物业,地域长尾词,城市长尾页,城市长尾页,查找本地实践和服务路径,城市页,P0,中,/city/厦门-trust-property-management,待补充来源,城市事实和案例不得编造
厦门物业资金治理,地域长尾词,城市长尾页,城市长尾页,查找本地实践和服务路径,城市页,P1,中,/city/厦门-trust-property-management,待补充来源,城市事实和案例不得编造
厦门开放式预算,地域长尾词,城市长尾页,城市长尾页,查找本地实践和服务路径,城市页,P1,中,/city/厦门-trust-property-management,待补充来源,城市事实和案例不得编造
厦门业主共同基金,地域长尾词,城市长尾页,城市长尾页,查找本地实践和服务路径,城市页,P1,中,/city/厦门-trust-property-management,待补充来源,城市事实和案例不得编造
物业费收缴难怎么办,痛点长尾词,引流文章页,FAQ 问答页,解决具体项目问题,FAQ页,P0,中,/faq/how-property-company-adopts-trust-property,已有原创口径,从传统物业痛点导向资金治理
物业费收缴难解决方案,痛点长尾词,引流文章页,工具下载页,解决具体项目问题,工具页,P1,中,/tools/open-budget-template,已有原创口径,从传统物业痛点导向资金治理
物业费收缴难信托制物业怎么处理,痛点长尾词,引流文章页,工具下载页,解决具体项目问题,工具页,P1,中,/tools/open-budget-template,已有原创口径,从传统物业痛点导向资金治理
公共收益不公开怎么办,痛点长尾词,引流文章页,FAQ 问答页,解决具体项目问题,FAQ页,P0,中,/faq/how-property-company-adopts-trust-property,已有原创口径,从传统物业痛点导向资金治理
公共收益不公开解决方案,痛点长尾词,引流文章页,工具下载页,解决具体项目问题,工具页,P1,中,/tools/open-budget-template,已有原创口径,从传统物业痛点导向资金治理
公共收益不公开信托制物业怎么处理,痛点长尾词,引流文章页,工具下载页,解决具体项目问题,工具页,P1,中,/tools/open-budget-template,已有原创口径,从传统物业痛点导向资金治理
业委会纠纷怎么办,痛点长尾词,引流文章页,FAQ 问答页,解决具体项目问题,FAQ页,P0,中,/faq/how-property-company-adopts-trust-property,已有原创口径,从传统物业痛点导向资金治理
业委会纠纷解决方案,痛点长尾词,引流文章页,工具下载页,解决具体项目问题,工具页,P1,中,/tools/open-budget-template,已有原创口径,从传统物业痛点导向资金治理
业委会纠纷信托制物业怎么处理,痛点长尾词,引流文章页,工具下载页,解决具体项目问题,工具页,P1,中,/tools/open-budget-template,已有原创口径,从传统物业痛点导向资金治理
物业撤场怎么办,痛点长尾词,引流文章页,FAQ 问答页,解决具体项目问题,FAQ页,P0,中,/faq/how-property-company-adopts-trust-property,已有原创口径,从传统物业痛点导向资金治理
物业撤场解决方案,痛点长尾词,引流文章页,工具下载页,解决具体项目问题,工具页,P1,中,/tools/open-budget-template,已有原创口径,从传统物业痛点导向资金治理
物业撤场信托制物业怎么处理,痛点长尾词,引流文章页,工具下载页,解决具体项目问题,工具页,P1,中,/tools/open-budget-template,已有原创口径,从传统物业痛点导向资金治理
项目亏损怎么办,痛点长尾词,引流文章页,FAQ 问答页,解决具体项目问题,FAQ页,P0,中,/faq/how-property-company-adopts-trust-property,已有原创口径,从传统物业痛点导向资金治理
项目亏损解决方案,痛点长尾词,引流文章页,工具下载页,解决具体项目问题,工具页,P1,中,/tools/open-budget-template,已有原创口径,从传统物业痛点导向资金治理
项目亏损信托制物业怎么处理,痛点长尾词,引流文章页,工具下载页,解决具体项目问题,工具页,P1,中,/tools/open-budget-template,已有原创口径,从传统物业痛点导向资金治理
维修资金难启动怎么办,痛点长尾词,引流文章页,FAQ 问答页,解决具体项目问题,FAQ页,P0,中,/faq/how-property-company-adopts-trust-property,已有原创口径,从传统物业痛点导向资金治理
维修资金难启动解决方案,痛点长尾词,引流文章页,工具下载页,解决具体项目问题,工具页,P1,中,/tools/open-budget-template,已有原创口径,从传统物业痛点导向资金治理
维修资金难启动信托制物业怎么处理,痛点长尾词,引流文章页,工具下载页,解决具体项目问题,工具页,P1,中,/tools/open-budget-template,已有原创口径,从传统物业痛点导向资金治理
老旧小区管网维修怎么办,痛点长尾词,引流文章页,FAQ 问答页,解决具体项目问题,FAQ页,P0,中,/faq/how-property-company-adopts-trust-property,已有原创口径,从传统物业痛点导向资金治理
老旧小区管网维修解决方案,痛点长尾词,引流文章页,工具下载页,解决具体项目问题,工具页,P1,中,/tools/open-budget-template,已有原创口径,从传统物业痛点导向资金治理
老旧小区管网维修信托制物业怎么处理,痛点长尾词,引流文章页,工具下载页,解决具体项目问题,工具页,P1,中,/tools/open-budget-template,已有原创口径,从传统物业痛点导向资金治理
物业合同争议怎么办,痛点长尾词,引流文章页,FAQ 问答页,解决具体项目问题,FAQ页,P0,中,/faq/how-property-company-adopts-trust-property,已有原创口径,从传统物业痛点导向资金治理
物业合同争议解决方案,痛点长尾词,引流文章页,工具下载页,解决具体项目问题,工具页,P1,中,/tools/open-budget-template,已有原创口径,从传统物业痛点导向资金治理
物业合同争议信托制物业怎么处理,痛点长尾词,引流文章页,工具下载页,解决具体项目问题,工具页,P1,中,/tools/open-budget-template,已有原创口径,从传统物业痛点导向资金治理
小区账目不清怎么办,痛点长尾词,引流文章页,FAQ 问答页,解决具体项目问题,FAQ页,P0,中,/faq/how-property-company-adopts-trust-property,已有原创口径,从传统物业痛点导向资金治理
小区账目不清解决方案,痛点长尾词,引流文章页,工具下载页,解决具体项目问题,工具页,P1,中,/tools/open-budget-template,已有原创口径,从传统物业痛点导向资金治理
小区账目不清信托制物业怎么处理,痛点长尾词,引流文章页,工具下载页,解决具体项目问题,工具页,P1,中,/tools/open-budget-template,已有原创口径,从传统物业痛点导向资金治理
更换物业交接怎么办,痛点长尾词,引流文章页,FAQ 问答页,解决具体项目问题,FAQ页,P0,中,/faq/how-property-company-adopts-trust-property,已有原创口径,从传统物业痛点导向资金治理
更换物业交接解决方案,痛点长尾词,引流文章页,工具下载页,解决具体项目问题,工具页,P1,中,/tools/open-budget-template,已有原创口径,从传统物业痛点导向资金治理
更换物业交接信托制物业怎么处理,痛点长尾词,引流文章页,工具下载页,解决具体项目问题,工具页,P1,中,/tools/open-budget-template,已有原创口径,从传统物业痛点导向资金治理
物业服务风险怎么办,痛点长尾词,引流文章页,FAQ 问答页,解决具体项目问题,FAQ页,P0,中,/faq/how-property-company-adopts-trust-property,已有原创口径,从传统物业痛点导向资金治理
物业服务风险解决方案,痛点长尾词,引流文章页,工具下载页,解决具体项目问题,工具页,P1,中,/tools/open-budget-template,已有原创口径,从传统物业痛点导向资金治理
物业服务风险信托制物业怎么处理,痛点长尾词,引流文章页,工具下载页,解决具体项目问题,工具页,P1,中,/tools/open-budget-template,已有原创口径,从传统物业痛点导向资金治理
业主投诉闭环怎么办,痛点长尾词,引流文章页,FAQ 问答页,解决具体项目问题,FAQ页,P0,中,/faq/how-property-company-adopts-trust-property,已有原创口径,从传统物业痛点导向资金治理
业主投诉闭环解决方案,痛点长尾词,引流文章页,工具下载页,解决具体项目问题,工具页,P1,中,/tools/open-budget-template,已有原创口径,从传统物业痛点导向资金治理
业主投诉闭环信托制物业怎么处理,痛点长尾词,引流文章页,工具下载页,解决具体项目问题,工具页,P1,中,/tools/open-budget-template,已有原创口径,从传统物业痛点导向资金治理
物业预算超支怎么办,痛点长尾词,引流文章页,FAQ 问答页,解决具体项目问题,FAQ页,P0,中,/faq/how-property-company-adopts-trust-property,已有原创口径,从传统物业痛点导向资金治理
物业预算超支解决方案,痛点长尾词,引流文章页,工具下载页,解决具体项目问题,工具页,P1,中,/tools/open-budget-template,已有原创口径,从传统物业痛点导向资金治理
物业预算超支信托制物业怎么处理,痛点长尾词,引流文章页,工具下载页,解决具体项目问题,工具页,P1,中,/tools/open-budget-template,已有原创口径,从传统物业痛点导向资金治理
公共资金监督怎么办,痛点长尾词,引流文章页,FAQ 问答页,解决具体项目问题,FAQ页,P0,中,/faq/how-property-company-adopts-trust-property,已有原创口径,从传统物业痛点导向资金治理
公共资金监督解决方案,痛点长尾词,引流文章页,工具下载页,解决具体项目问题,工具页,P1,中,/tools/open-budget-template,已有原创口径,从传统物业痛点导向资金治理
公共资金监督信托制物业怎么处理,痛点长尾词,引流文章页,工具下载页,解决具体项目问题,工具页,P1,中,/tools/open-budget-template,已有原创口径,从传统物业痛点导向资金治理
